panel,method,iter,err
a,fp,1,15.74956885763633
a,fp,2,0.594927772784185
a,fp,3,0.3913766353121304
a,fp,4,0.26636831770894015
a,fp,5,0.18613176752599786
a,fp,6,0.1327317027064394
a,fp,7,0.09613056401505632
a,fp,8,0.0704501328894268
a,fp,9,0.05209928948552468
a,fp,10,0.03879820800421774
a,fp,11,0.029050160084182482
a,fp,12,0.021844234084219497
a,fp,13,0.01648140241068792
a,fp,14,0.012468929978472171
a,fp,15,0.009454055556379336
a,fp,16,0.007181049222117804
a,fp,17,0.005462650276698074
a,fp,18,0.0041606240566136495
a,fp,19,0.0031722619062104973
a,fp,20,0.0024208502009286843
a,fp,21,0.0018488473326997892
a,fp,22,0.0014129427236763382
a,fp,23,0.0010804446506125207
a,fp,24,0.0008266188696106185
a,fp,25,0.0006327152029502173
a,fp,26,0.00048449655648364416
a,fp,27,0.0003711377079853353
a,fp,28,0.0002843979735623191
a,fp,29,0.00021799779856232737
a,fp,30,0.00016714785074718549
a,fp,31,0.00012819257402734067
a,fp,32,9.833991030932633e-5
a,fp,33,7.545605440637271e-5
a,fp,34,5.7909395681768225e-5
a,fp,35,4.4451728374397755e-5
a,fp,36,3.412774394122505e-5
a,fp,37,2.6206014094599927e-5
a,fp,38,2.0126322731096347e-5
a,fp,39,1.545944758007661e-5
a,fp,40,1.1876430688742695e-5
a,fp,41,9.125086610963657e-6
a,fp,42,7.012034944660077e-6
a,fp,43,5.388952328646264e-6
a,fp,44,4.14204866734337e-6
a,fp,45,3.1840085264944328e-6
a,fp,46,2.4478182913281334e-6
a,fp,47,1.8820362334954973e-6
a,fp,48,1.447167154564769e-6
a,fp,49,1.11288303095589e-6
a,fp,50,8.558915957724492e-7
a,fp,51,6.583015094685401e-7
a,fp,52,5.063680609310278e-7
a,fp,53,3.895307406430348e-7
a,fp,54,2.996745413095299e-7
a,fp,55,2.3056290332173518e-7
a,fp,56,1.7740232540104948e-7
a,fp,57,1.365080995845447e-7
a,fp,58,1.0504750256048949e-7
a,fp,59,8.084260369768875e-8
a,fp,60,6.221873214173355e-8
a,fp,61,4.788809089375692e-8
a,fp,62,3.6860267394975e-8
a,fp,63,2.8373533831550085e-8
a,fp,64,2.184194918942013e-8
a,fp,65,1.6814808390271136e-8
a,fp,66,1.2945358389940109e-8
a,fp,67,9.966843752457317e-9
a,fp,68,7.673997959613885e-9
a,fp,69,5.9088846924146634e-9
a,fp,70,4.549974079738307e-9
a,fp,71,3.5037353774177624e-9
a,fp,72,2.6981892451191335e-9
a,fp,73,2.0779314158998074e-9
a,fp,74,1.600324369095284e-9
a,fp,75,1.2325422703953416e-9
a,fp,76,9.493184350765814e-10
a,fp,77,7.312021928116285e-10
a,fp,78,5.632242087498394e-10
a,fp,79,4.33848099900845e-10
a,fp,80,3.34200236984717e-10
a,fp,81,2.574537579984059e-10
a,fp,82,1.9833689900740752e-10
a,fp,83,1.5279741015285462e-10
a,fp,84,1.177221844381086e-10
a,fp,85,9.069708352816246e-11
a,fp,86,6.987777717815009e-11
a,fp,87,5.384589128887925e-11
a,fp,88,4.148513477272861e-11
a,fp,89,3.1969796602205114e-11
a,fp,90,2.4629300335613712e-11
a,fp,91,1.8981538563347684e-11
a,fp,92,1.4629849415355602e-11
a,fp,93,1.127235631232762e-11
a,fp,94,8.68198395124636e-12
a,fp,95,6.700032889628523e-12
a,fp,96,5.158902818838113e-12
a,fp,97,3.979143403673037e-12
a,fp,98,3.0608571233206253e-12
a,fp,99,2.364101969745699e-12
a,fp,100,1.8213885261147912e-12
a,fp,101,1.4040903856270413e-12
a,fp,102,1.0800145500150796e-12
a,fp,103,8.354081315612597e-13
a,fp,104,6.400713292722233e-13
a,fp,105,4.92239929372872e-13
a,fp,106,3.861442415820839e-13
a,fp,107,2.918047747880052e-13
a,fp,108,2.283225691846174e-13
a,fp,109,1.7149649755855784e-13
a,fp,110,1.364273277682053e-13
a,fp,111,1.0513118153810395e-13
a,fp,112,8.049116928532709e-14
a,fp_converged,0,1
a,broyden,1,0.594927772784185
a,broyden,2,0.06999597034013394
a,broyden,3,0.009432583292103624
a,broyden,4,0.0008505899556008085
a,broyden,5,5.773624033566053e-5
a,broyden,6,9.577653617214675e-6
a,broyden,7,4.7642845704040993e-7
a,broyden,8,5.53931960848993e-8
a,broyden,9,9.262095982062479e-9
a,broyden,10,6.294751419517184e-10
a,broyden,11,1.312472144768175e-10
a,broyden,12,9.518450264044627e-12
a,broyden,13,7.869122020668127e-13
a,broyden,14,1.2569806306928734e-13
a,broyden,15,3.3750779948605327e-14
a,broyden_converged,0,1
a,fpn,1,15.74956885763633
a,fpn,2,0.594927772784185
a,fpn,3,0.26220998429764497
a,fpn,4,0.12034677851412676
a,fpn,5,0.021128065584682148
a,fpn,6,0.0006100262027471294
a,fpn,7,2.1751407956138782e-5
a,fpn,8,1.6071888213195314e-7
a,fpn,9,3.7160250571790395e-11
a,fpn,10,1.49880108324395e-14
a,fpn_converged,0,1
b,fp,1,1.0e6
b,fp,2,0.9963024787319467
b,fp,3,0.9919677134940229
b,fp,4,1.2615394417190815
b,fp,5,1.2692030647995538
b,fp,6,1.184032141498521
b,fp,7,1.0805323125657458
b,fp,8,0.9830360556118815
b,fp,9,0.8960673706783329
b,fp,10,0.8187042780774545
b,fp,11,0.7493715107129483
b,fp,12,0.699865601827288
b,fp,13,0.659404171577881
b,fp,14,0.6198747806167533
b,fp,15,0.5815806846005817
b,fp,16,0.5448594138277313
b,fp,17,0.5100275846910781
b,fp,18,0.4773337205446944
b,fp,19,0.4469307068796947
b,fp,20,0.41887036938370625
b,fp,21,0.39311539304164406
b,fp,22,0.369560659278556
b,fp,23,0.348056713860971
b,fp,24,0.3284306099553389
b,fp,25,0.31050201815455697
b,fp,26,0.2940943611453393
b,fp,27,0.27904169609976937
b,fp,28,0.2651923791307819
b,fp,29,0.2524104996993666
b,fp,30,0.24057588378544464
b,fp,31,0.2295832523745444
b,fp,32,0.21934093802922747
b,fp,33,0.20976942130648105
b,fp,34,0.2007998480580011
b,fp,35,0.1923726201721207
b,fp,36,0.18443610757828874
b,fp,37,0.17694550119221672
b,fp,38,0.16986180953783592
b,fp,39,0.16315099217427295
b,fp,40,0.15678321813737758
b,fp,41,0.1507322355742129
b,fp,42,0.1449748384540037
b,fp,43,0.13949041690488106
b,fp,44,0.13426057889455256
b,fp,45,0.12926883233800757
b,fp,46,0.12450031811457621
b,fp,47,0.11994158580592128
b,fp,48,0.11558040518141256
b,fp,49,0.11140560753481958
b,fp,50,0.1074069519166405
b,fp,51,0.10357501211270471
b,fp,52,0.09990108090708533
b,fp,53,0.09637708874772931
b,fp,54,0.09299553441993215
b,fp,55,0.08974942573996682
b,fp,56,0.08663222862126575
b,fp,57,0.08363782314563355
b,fp,58,0.08076046550976865
b,fp,59,0.0779947549050847
b,fp,60,0.0753356045552433
b,fp,61,0.0727782162647051
b,fp,62,0.07031805794129103
b,fp,63,0.0679508436474579
b,fp,64,0.06567251580912398
b,fp,65,0.06347922927177999
b,fp,66,0.06136733694652
b,fp,67,0.05933337682809099
b,fp,68,0.05737406020511888
b,fp,69,0.055486260908181324
b,fp,70,0.05366700546875865
b,fp,71,0.05191346407870386
b,fp,72,0.05022294225892051
b,fp,73,0.04859287315819168
b,fp,74,0.04702081041452764
b,fp,75,0.04550442152236634
b,fp,76,0.04404148165482222
b,fp,77,0.04262986789873394
b,fp,78,0.04126755386404465
b,fp,79,0.03995260463641349
b,fp,80,0.038683172042499644
b,fp,81,0.03745749020367998
b,fp,82,0.03627387135532217
b,fp,83,0.035130701912143486
b,fp,84,0.034026438760333476
b,fp,85,0.03295960576179489
b,fp,86,0.03192879045537389
b,fp,87,0.030932640941306475
b,fp,88,0.029969862937759238
b,fp,89,0.029039216997772614
b,fp,90,0.02813951587684091
b,fp,91,0.027269622041711752
b,fp,92,0.026428445311789124
b,fp,93,0.025614940625412367
b,fp,94,0.02482810592338811
b,fp,95,0.02406698014285353
b,fp,96,0.023330641315858384
b,fp,97,0.022618204765318926
b,fp,98,0.021928821394416608
b,fp,99,0.021261676062639595
b,fp,100,0.0206159860453086
b,fp,101,0.01999099956992631
b,fp,102,0.019385994427168
b,fp,103,0.018800276651147637
b,fp,104,0.018233179265421867
b,fp,105,0.01768406109146943
b,fp,106,0.017152305615876093
b,fp,107,0.01663731991354628
b,fp,108,0.016138533623414098
b,fp,109,0.01565539797421219
b,fp,110,0.015187384857400657
b,fp,111,0.014733985945196133
b,fp,112,0.014294711850680937
b,fp,113,0.013869091328144725
b,fp,114,0.013456670511808542
b,fp,115,0.013057012190139482
b,fp,116,0.012669695114911573
b,fp,117,0.012294313342289554
b,fp,118,0.011930475604951698
b,fp,119,0.01157780471303575
b,fp,120,0.011235936983323844
b,fp,121,0.0109045216941314
b,fp,122,0.010583220565375515
b,fp,123,0.010271707262327338
b,fp,124,0.009969666921674772
b,fp,125,0.0096767956993587
b,fp,126,0.009392800337687428
b,fp,127,0.009117397752954878
b,fp,128,0.008850314640324153
b,fp,129,0.008591287096770704
b,fp,130,0.008340060260137127
b,fp,131,0.008096387963941978
b,fp,132,0.007860032407504868
b,fp,133,0.0076307638397771545
b,fp,134,0.007408360257078353
b,fp,135,0.007192607113451638
b,fp,136,0.006983297043548115
b,fp,137,0.006780229596913313
b,fp,138,0.006583210983529619
b,fp,139,0.006392053830010696
b,fp,140,0.00620657694555333
b,fp,141,0.006026605098181787
b,fp,142,0.005851968799298364
b,fp,143,0.00568250409769015
b,fp,144,0.005518052381565989
b,fp,145,0.00535846018852204
b,fp,146,0.005203579023199823
b,fp,147,0.005053265182275517
b,fp,148,0.0049073795861333215
b,fp,149,0.004765787617396754
b,fp,150,0.004628358965617698
b,fp,151,0.004494967478050544
b,fp,152,0.004365491016310145
b,fp,153,0.004239811318207503
b,fp,154,0.004117813865521068
b,fp,155,0.003999387755891001
b,fp,156,0.0038844255804202444
b,fp,157,0.0037728233054331937
b,fp,158,0.0036644801586437925
b,fp,159,0.0035592985198005887
b,fp,160,0.003457183815269724
b,fp,161,0.0033580444163249976
b,fp,162,0.0032617915416421066
b,fp,163,0.0031683391627567677
b,fp,164,0.003077603913532026
b,fp,165,0.0029895050023096593
b,fp,166,0.00290396412795147
b,fp,167,0.00282090539805819
b,fp,168,0.002740255250949826
b,fp,169,0.002661942379610059
b,fp,170,0.002585897658975188
b,fp,171,0.0025120540754014287
b,fp,172,0.002440346658702734
b,fp,173,0.0023707124167318392
b,fp,174,0.0023030902716425473
b,fp,175,0.002237420999481359
b,fp,176,0.002173647170479404
b,fp,177,0.002111713092486315
b,fp,178,0.002051564755863105
b,fp,179,0.0019931497801999637
b,fp,180,0.0019364173630526016
b,fp,181,0.0018813182303996337
b,fp,182,0.001827804588418064
b,fp,183,0.0017758300775216462
b,fp,184,0.0017253497272237378
b,fp,185,0.0016763199129962256
b,fp,186,0.001628698314483145
b,fp,187,0.001582443874755632
b,fp,188,0.0015375167614558
b,fp,189,0.0014938783287824838
b,fp,190,0.0014514910808668467
b,fp,191,0.0014103186364082289
b,fp,192,0.001370325694397043
b,fp,193,0.0013314780009306964
b,fp,194,0.001293742317092881
b,fp,195,0.0012570863880747474
b,fp,196,0.0012214789128620791
b,fp,197,0.0011868895153773523
b,fp,198,0.001153288716270528
b,fp,199,0.0011206479055294177
b,fp,200,0.0010889393163270192
b,fp,201,0.0010581359992702752
b,fp,202,0.001028211797758354
b,fp,203,0.0009991413240893609
b,fp,204,0.0009708999360165076
b,fp,205,0.0009434637146175706
b,fp,206,0.0009168094422652726
b,fp,207,0.0008909145816714694
b,fp,208,0.0008657572554026063
b,fp,209,0.0008413162261305155
b,fp,210,0.0008175708774387294
b,fp,211,0.0007945011953582885
b,fp,212,0.0007720877501241712
b,fp,213,0.0007503116789823147
b,fp,214,0.0007291546691951063
b,fp,215,0.0007085989415984049
b,fp,216,0.0006886272348234943
b,fp,217,0.0006692227898631652
b,fp,218,0.0006503693351432977
b,fp,219,0.0006320510721222924
b,fp,220,0.0006142526611322273
b,fp,221,0.0005969592080440038
b,fp,222,0.0005801562508033119
b,fp,223,0.0005638297468868101
b,fp,224,0.0005479660607034767
b,fp,225,0.0005325519518721172
b,fp,226,0.0005175745632343308
b,fp,227,0.0005030214098559716
b,fp,228,0.000488880367895847
b,fp,229,0.0004751396640472386
b,fp,230,0.0004617878652715394
b,fp,231,0.00044881386869046006
b,fp,232,0.0004362068920672521
b,fp,233,0.0004239564642538124
b,fp,234,0.0004120524161524885
b,fp,235,0.00040048487183316956
b,fp,236,0.000389244240010783
b,fp,237,0.0003783212056803703
b,fp,238,0.0003677067220180854
b,fp,239,0.0003573920026375795
b,fp,240,0.00034736851382339266
b,fp,241,0.00033762796740880634
b,fp,242,0.00032816231339580687
b,fp,243,0.0003189637330913578
b,fp,244,0.0003100246324220054
b,fp,245,0.00030133763538578136
b,fp,246,0.0002928955775389622
b,fp,247,0.0002846915001468242
b,fp,248,0.0002767186439947964
b,fp,249,0.0002689704436599148
b,fp,250,0.0002614405217193694
b,fp,251,0.0002541226837653252
b,fp,252,0.0002470109125197952
b,fp,253,0.00024009936308696362
b,fp,254,0.0002333823578110992
b,fp,255,0.00022685438150258567
b,fp,256,0.00022051007665327326
b,fp,257,0.00021434423897063144
b,fp,258,0.00020835181284198283
b,fp,259,0.0002025278871305364
b,fp,260,0.0001968676910630317
b,fp,261,0.00019136658991257538
b,fp,262,0.00018602008135543482
b,fp,263,0.0001808237915211123
b,fp,264,0.00017577347131620495
b,fp,265,0.00017086499282557705
b,fp,266,0.0001660943457149717
b,fp,267,0.0001614576341178918
b,fp,268,0.000156951073065092
b,fp,269,0.00015257098544647462
b,fp,270,0.00014831379871703
b,fp,271,0.0001441760422891333
b,fp,272,0.00014015434406578742
b,fp,273,0.00013624542813197847
b,fp,274,0.0001324461116330193
b,fp,275,0.00012875330217482325
b,fp,276,0.00012516399537210773
b,fp,277,0.0001216752722016852
b,fp,278,0.00011828429647545085
b,fp,279,0.00011498831276815358
b,fp,280,0.0001117846437039588
b,fp,281,0.00010867068799578578
b,fp,282,0.00010564391824896659
b,fp,283,0.0001027018786557435
b,fp,284,9.984218320926769e-5
b,fp,285,9.706251346337418e-5
b,fp,286,9.436061678502065e-5
b,fp,287,9.173430428350464e-5
b,fp,288,8.918144931559605e-5
b,fp,289,8.669998527026894e-5
b,fp,290,8.42879041819295e-5
b,fp,291,8.194325490286361e-5
b,fp,292,7.966414159469089e-5
b,fp,293,7.74487220345672e-5
b,fp,294,7.529520609964689e-5
b,fp,295,7.320185439237939e-5
b,fp,296,7.116697669436025e-5
b,fp,297,6.91889305102656e-5
b,fp,298,6.726611987867875e-5
b,fp,299,6.539699387960863e-5
b,fp,300,6.358004551908806e-5
b,fp,301,6.181381021114072e-5
b,fp,302,6.0096864966130766e-5
b,fp,303,5.842782671792364e-5
b,fp,304,5.680535171510047e-5
b,fp,305,5.522813394233674e-5
b,fp,306,5.369490436200625e-5
b,fp,307,5.2204429652987705e-5
b,fp,308,5.075551138097689e-5
b,fp,309,4.934698482776625e-5
b,fp,310,4.797771813710944e-5
b,fp,311,4.664661142648544e-5
b,fp,312,4.535259574890332e-5
b,fp,313,4.409463228051884e-5
b,fp,314,4.287171153420995e-5
b,fp,315,4.168285234097203e-5
b,fp,316,4.0527101283724056e-5
b,fp,317,3.940353170207992e-5
b,fp,318,3.831124314475238e-5
b,fp,319,3.724936032014223e-5
b,fp,320,3.621703271910761e-5
b,fp,321,3.521343374657442e-5
b,fp,322,3.4237759918786335e-5
b,fp,323,3.328923060704623e-5
b,fp,324,3.23670868641791e-5
b,fp,325,3.147059121322151e-5
b,fp,326,3.059902692246597e-5
b,fp,327,2.9751697385108612e-5
b,fp,328,2.8927925481426235e-5
b,fp,329,2.8127053234186523e-5
b,fp,330,2.7348441085419325e-5
b,fp,331,2.6591467442049643e-5
b,fp,332,2.5855528216768698e-5
b,fp,333,2.514003612593808e-5
b,fp,334,2.444442054285309e-5
b,fp,335,2.3768126778570525e-5
b,fp,336,2.31106156994859e-5
b,fp,337,2.247136331438791e-5
b,fp,338,2.1849860307896683e-5
b,fp,339,2.1245611644078146e-5
b,fp,340,2.0658136217751256e-5
b,fp,341,2.008696631339702e-5
b,fp,342,1.9531647453992973e-5
b,fp,343,1.8991737736143637e-5
b,fp,344,1.8466807780848225e-5
b,fp,345,1.7956440204925943e-5
b,fp,346,1.7460229207857127e-5
b,fp,347,1.697778049847496e-5
b,fp,348,1.65087107002921e-5
b,fp,349,1.6052647306402034e-5
b,fp,350,1.560922806810611e-5
b,fp,351,1.5178101038975678e-5
b,fp,352,1.4758923967539935e-5
b,fp,353,1.4351364328365715e-5
b,fp,354,1.3955098728075815e-5
b,fp,355,1.35698129871734e-5
b,fp,356,1.3195201554393865e-5
b,fp,357,1.283096755883629e-5
b,fp,358,1.2476822347113665e-5
b,fp,359,1.2132485314219374e-5
b,fp,360,1.1797683779860218e-5
b,fp,361,1.1472152605829144e-5
b,fp,362,1.1155634045086695e-5
b,fp,363,1.0847877719631728e-5
b,fp,364,1.0548639925460549e-5
b,fp,365,1.0257684098611984e-5
b,fp,366,9.974780055958744e-6
b,fp,367,9.699704140064842e-6
b,fp,368,9.432238934439227e-6
b,fp,369,9.172173014152021e-6
b,fp,370,8.919300925659915e-6
b,fp,371,8.673422890240263e-6
b,fp,372,8.434344796420149e-6
b,fp,373,8.201877810542106e-6
b,fp,374,7.975838490821474e-6
b,fp,375,7.756048459809826e-6
b,fp,376,7.542334203148498e-6
b,fp,377,7.334527264675678e-6
b,fp,378,7.132463704229619e-6
b,fp,379,6.9359842273093456e-6
b,fp,380,6.7449339182170285e-6
b,fp,381,6.5591622997755395e-6
b,fp,382,6.378522928803817e-6
b,fp,383,6.202873514344973e-6
b,fp,384,6.03207572664032e-6
b,fp,385,5.865995134724182e-6
b,fp,386,5.704500920641089e-6
b,fp,387,5.5474660478029525e-6
b,fp,388,5.394766894604687e-6
b,fp,389,5.24628341934058e-6
b,fp,390,5.101898758127115e-6
b,fp,391,4.961499438281668e-6
b,fp,392,4.8249750279273974e-6
b,fp,393,4.692218197715456e-6
b,fp,394,4.563124706718875e-6
b,fp,395,4.437593078961726e-6
b,fp,396,4.3155247175450845e-6
b,fp,397,4.196823758424779e-6
b,fp,398,4.081396984752385e-6
b,fp,399,3.969153793563741e-6
b,fp,400,3.860006108177572e-6
b,fp,401,3.753868223814218e-6
b,fp,402,3.650656942484312e-6
b,fp,403,3.5502912698930185e-6
b,fp,404,3.452692506086577e-6
b,fp,405,3.3577841415872325e-6
b,fp,406,3.2654917467559903e-6
b,fp,407,3.1757430007110563e-6
b,fp,408,3.0884675624277046e-6
b,fp,409,3.0035971289114876e-6
b,fp,410,2.921065105125408e-6
b,fp,411,2.8408069706953226e-6
b,fp,412,2.762759797902939e-6
b,fp,413,2.6868625605486404e-6
b,fp,414,2.613055768074459e-6
b,fp,415,2.541281723523205e-6
b,fp,416,2.4714843026016903e-6
b,fp,417,2.403608879682492e-6
b,fp,418,2.3376022934963956e-6
b,fp,419,2.273413065623277e-6
b,fp,420,2.210990897891522e-6
b,fp,421,2.1502870793298742e-6
b,fp,422,2.0912541221787058e-6
b,fp,423,2.0338459449094823e-6
b,fp,424,1.978017607656918e-6
b,fp,425,1.923725594603695e-6
b,fp,426,1.8709274858523608e-6
b,fp,427,1.8195820421345575e-6
b,fp,428,1.7696491953176795e-6
b,fp,429,1.7210899388803083e-6
b,fp,430,1.6738664337158348e-6
b,fp,431,1.6279417979661036e-6
b,fp,432,1.5832802113263176e-6
b,fp,433,1.5398468031336835e-6
b,fp,434,1.4976077971955747e-6
b,fp,435,1.4565301807198964e-6
b,fp,436,1.4165819154792545e-6
b,fp,437,1.37773192709672e-6
b,fp,438,1.3399499286861277e-6
b,fp,439,1.303206464372394e-6
b,fp,440,1.267472922835787e-6
b,fp,441,1.2327214126887911e-6
b,fp,442,1.1989249444969827e-6
b,fp,443,1.1660572105101071e-6
b,fp,444,1.1340925613470064e-6
b,fp,445,1.103006134781288e-6
b,fp,446,1.072773768588377e-6
b,fp,447,1.0433719020128018e-6
b,fp,448,1.0147776749109214e-6
b,fp,449,9.869688507010802e-7
b,fp,450,9.599238364583992e-7
b,fp,451,9.336215335893822e-7
b,fp,452,9.080414708920397e-7
b,fp,453,8.831638564586298e-7
b,fp,454,8.589693051709542e-7
b,fp,455,8.354389894685857e-7
b,fp,456,8.125546593327049e-7
b,fp,457,7.902985822227998e-7
b,fp,458,7.686534090169596e-7
b,fp,459,7.476022820365063e-7
b,fp,460,7.271289703266133e-7
b,fp,461,7.072174937898736e-7
b,fp,462,6.878524071814282e-7
b,fp,463,6.690187256683236e-7
b,fp,464,6.507017908808914e-7
b,fp,465,6.328873733862905e-7
b,fp,466,6.155617236476638e-7
b,fp,467,5.987113200032493e-7
b,fp,468,5.823231316227723e-7
b,fp,469,5.663844881115744e-7
b,fp,470,5.508829424534187e-7
b,fp,471,5.35806528027184e-7
b,fp,472,5.211435877988753e-7
b,fp,473,5.068827080412031e-7
b,fp,474,4.930128475635428e-7
b,fp,475,4.795233057929372e-7
b,fp,476,4.664035434729291e-7
b,fp,477,4.5364347565150056e-7
b,fp,478,4.4123321050092415e-7
b,fp,479,4.291630825133982e-7
b,fp,480,4.1742382886000055e-7
b,fp,481,4.060062411135291e-7
b,fp,482,3.9490162959943167e-7
b,fp,483,3.8410131180478273e-7
b,fp,484,3.7359691935503725e-7
b,fp,485,3.6338037736383263e-7
b,fp,486,3.534437524988753e-7
b,fp,487,3.43779360229492e-7
b,fp,488,3.3437971325671925e-7
b,fp,489,3.252375349469768e-7
b,fp,490,3.163458379358539e-7
b,fp,491,3.076976393002734e-7
b,fp,492,2.992863538550987e-7
b,fp,493,2.911053628868412e-7
b,fp,494,2.8314844503132414e-7
b,fp,495,2.75409449867993e-7
b,fp,496,2.678822917581597e-7
b,fp,497,2.6056129934328615e-7
b,fp,498,2.534407080618838e-7
b,fp,499,2.465150432320543e-7
b,fp,500,2.3977904483384016e-7
b,fp,501,2.3322738223733507e-7
b,fp,502,2.2685507297889562e-7
b,fp,503,2.2065716429357627e-7
b,fp,504,2.1462893128997196e-7
b,fp,505,2.0876560261403622e-7
b,fp,506,2.0306275990740016e-7
b,fp,507,1.9751601778550457e-7
b,fp,508,1.9212101484478408e-7
b,fp,509,1.8687365041776386e-7
b,fp,510,1.8176982611307937e-7
b,fp,511,1.768056719679405e-7
b,fp,512,1.7197727288911988e-7
b,fp,513,1.672809846779854e-7
b,fp,514,1.627131879495154e-7
b,fp,515,1.5827027814028462e-7
b,fp,516,1.5394892957504617e-7
b,fp,517,1.4974574508028236e-7
b,fp,518,1.4565750772730966e-7
b,fp,519,1.4168107946889452e-7
b,fp,520,1.3781338592919081e-7
b,fp,521,1.340514373869531e-7
b,fp,522,1.3039238611855845e-7
b,fp,523,1.2683333871477478e-7
b,fp,524,1.233716149292887e-7
b,fp,525,1.200045379575448e-7
b,fp,526,1.1672947906771355e-7
b,fp,527,1.1354392104994136e-7
b,fp,528,1.1044551389403711e-7
b,fp,529,1.0743173767020983e-7
b,fp,530,1.0450032458039615e-7
b,fp,531,1.016490748277471e-7
b,fp,532,9.887568480959544e-8
b,fp,533,9.617811282495469e-8
b,fp,534,9.355428070204823e-8
b,fp,535,9.100208273560432e-8
b,fp,536,8.851965108569253e-8
b,fp,537,8.610503558937146e-8
b,fp,538,8.375637923145217e-8
b,fp,539,8.147191270440258e-8
b,fp,540,7.924983888963037e-8
b,fp,541,7.708845587020285e-8
b,fp,542,7.498610991289614e-8
b,fp,543,7.294120307322197e-8
b,fp,544,7.095210981767116e-8
b,fp,545,6.901737730796033e-8
b,fp,546,6.713547149300671e-8
b,fp,547,6.530492349184339e-8
b,fp,548,6.352442152009026e-8
b,fp,549,6.17925129615848e-8
b,fp,550,6.010789330394222e-8
b,fp,551,5.846921090582314e-8
b,fp,552,5.687535010382084e-8
b,fp,553,5.532496675063072e-8
b,fp,554,5.38168988310593e-8
b,fp,555,5.2349997153002186e-8
b,fp,556,5.092317858264024e-8
b,fp,557,4.953525568070707e-8
b,fp,558,4.8185234075740806e-8
b,fp,559,4.6872077152301274e-8
b,fp,560,4.559473347347983e-8
b,fp,561,4.435224880240724e-8
b,fp,562,4.314367717338463e-8
b,fp,563,4.196807639547965e-8
b,fp,564,4.08245477430009e-8
b,fp,565,3.97122608244941e-8
b,fp,566,3.8630287271325946e-8
b,fp,567,3.7577821227985337e-8
b,fp,568,3.655411656896814e-8
b,fp,569,3.555830931859753e-8
b,fp,570,3.458965995720789e-8
b,fp,571,3.3647439956347024e-8
b,fp,572,3.273094882069991e-8
b,fp,573,3.183940267720432e-8
b,fp,574,3.097218834959803e-8
b,fp,575,3.012866679342551e-8
b,fp,576,2.9308098100470375e-8
b,fp,577,2.8509949641164854e-8
b,fp,578,2.7733521253285375e-8
b,fp,579,2.6978314890719055e-8
b,fp,580,2.624368129497598e-8
b,fp,581,2.552906368914974e-8
b,fp,582,2.4833920950481786e-8
b,fp,583,2.4157757308827884e-8
b,fp,584,2.350005900843281e-8
b,fp,585,2.286024073966817e-8
b,fp,586,2.2237873678846852e-8
b,fp,587,2.1632478154068098e-8
b,fp,588,2.1043580710682277e-8
b,fp,589,2.0470732318948733e-8
b,fp,590,1.9913504044165786e-8
b,fp,591,1.937147372399403e-8
b,fp,592,1.884418433509205e-8
b,fp,593,1.833132623622929e-8
b,fp,594,1.783237412535007e-8
b,fp,595,1.7347054887564784e-8
b,fp,596,1.687494042084806e-8
b,fp,597,1.6415735572385258e-8
b,fp,598,1.5969001693034555e-8
b,fp,599,1.553444845945379e-8
b,fp,600,1.5111731591461948e-8
b,fp,601,1.4700528513739466e-8
b,fp,602,1.4300519204480717e-8
b,fp,603,1.3911465354296718e-8
b,fp,604,1.3532960010919499e-8
b,fp,605,1.3164782239952273e-8
b,fp,606,1.2806616904574056e-8
b,fp,607,1.2458187559237516e-8
b,fp,608,1.211933055705666e-8
b,fp,609,1.1789616519261923e-8
b,fp,610,1.1468934368029374e-8
b,fp,611,1.115695286830723e-8
b,fp,612,1.0853483559726874e-8
b,fp,613,1.0558293461976375e-8
b,fp,614,1.027111556640824e-8
b,fp,615,9.991729493742977e-9
b,fp,616,9.719990859468295e-9
b,fp,617,9.45567228990037e-9
b,fp,618,9.198526149785397e-9
b,fp,619,8.948390679621705e-9
b,fp,620,8.705046499332461e-9
b,fp,621,8.468342230002016e-9
b,fp,622,8.238066873738086e-9
b,fp,623,8.014082540835468e-9
b,fp,624,7.796154141562636e-9
b,fp,625,7.584234158369817e-9
b,fp,626,7.377990634566378e-9
b,fp,627,7.177425846106025e-9
b,fp,628,6.982293267961001e-9
b,fp,629,6.792475049953262e-9
b,fp,630,6.607819480102464e-9
b,fp,631,6.428196440266425e-9
b,fp,632,6.253483361819746e-9
b,fp,633,6.08347729598972e-9
b,fp,634,5.918128948871359e-9
b,fp,635,5.7572496935693855e-9
b,fp,636,5.600805668279199e-9
b,fp,637,5.448562671450399e-9
b,fp,638,5.300489783369665e-9
b,fp,639,5.156432960589687e-9
b,fp,640,5.0163108792717645e-9
b,fp,641,4.879969329435372e-9
b,fp,642,4.747361903756312e-9
b,fp,643,4.618375914595581e-9
b,fp,644,4.492890680708457e-9
b,fp,645,4.370786131472985e-9
b,fp,646,4.252035843579829e-9
b,fp,647,4.1364961541678115e-9
b,fp,648,4.024111996173578e-9
b,fp,649,3.91475713723767e-9
b,fp,650,3.80842952344649e-9
b,fp,651,3.7049646752573655e-9
b,fp,652,3.6042925931074528e-9
b,fp,653,3.5063949028047857e-9
b,fp,654,3.411143096033012e-9
b,fp,655,3.318468505497073e-9
b,fp,656,3.228344985443939e-9
b,fp,657,3.1406566285887855e-9
b,fp,658,3.0553326027017837e-9
b,fp,659,2.9723566430149697e-9
b,fp,660,2.8916130642882582e-9
b,fp,661,2.8130633972931975e-9
b,fp,662,2.736727792577222e-9
b,fp,663,2.6623601136946107e-9
b,fp,664,2.5900677192116833e-9
b,fp,665,2.5197375884237987e-9
b,fp,666,2.451286288070037e-9
b,fp,667,2.384717925975214e-9
b,fp,668,2.319971661917062e-9
b,fp,669,2.2569762195768867e-9
b,fp,670,2.195703121733712e-9
b,fp,671,2.1360857550056017e-9
b,fp,672,2.0780830411402633e-9
b,fp,673,2.0216425220993965e-9
b,fp,674,1.9667462122697025e-9
b,fp,675,1.9134043257027724e-9
b,fp,676,1.8614020897538443e-9
b,fp,677,1.8109188054415111e-9
b,fp,678,1.7617265439781853e-9
b,fp,679,1.7138945832805318e-9
b,fp,680,1.667395223283845e-9
b,fp,681,1.622113944482763e-9
b,fp,682,1.5781020946920902e-9
b,fp,683,1.5352638616644867e-9
b,fp,684,1.4935811487644735e-9
b,fp,685,1.45302620041625e-9
b,fp,686,1.4136398728270431e-9
b,fp,687,1.3752219927850992e-9
b,fp,688,1.3379198313747206e-9
b,fp,689,1.3016062125481457e-9
b,fp,690,1.2662571554879048e-9
b,fp,691,1.231937941307824e-9
b,fp,692,1.1984817589981471e-9
b,fp,693,1.1659728744864552e-9
b,fp,694,1.1343213041964077e-9
b,fp,695,1.1035618536197838e-9
b,fp,696,1.0735987105093728e-9
b,fp,697,1.0444615733310432e-9
b,fp,698,1.0161274604680897e-9
b,fp,699,9.885586798487205e-10
b,fp,700,9.617296408321305e-10
b,fp,701,9.356346812808288e-10
b,fp,702,9.102893443171171e-10
b,fp,703,8.855226000838433e-10
b,fp,704,8.61560101410914e-10
b,fp,705,8.381741970668811e-10
b,fp,706,8.154225631378805e-10
b,fp,707,7.933236848372434e-10
b,fp,708,7.71777364536877e-10
b,fp,709,7.50872586612236e-10
b,fp,710,7.304599705552077e-10
b,fp,711,7.107010538159597e-10
b,fp,712,6.914033237218503e-10
b,fp,713,6.726188497327424e-10
b,fp,714,6.54385490453772e-10
b,fp,715,6.366409068620362e-10
b,fp,716,6.193881520708287e-10
b,fp,717,6.025929201886425e-10
b,fp,718,5.862436093848404e-10
b,fp,719,5.703499341108716e-10
b,fp,720,5.548974059562349e-10
b,fp,721,5.398158588257157e-10
b,fp,722,5.25183507931423e-10
b,fp,723,5.109322410907416e-10
b,fp,724,4.970940327267804e-10
b,fp,725,4.836189228033898e-10
b,fp,726,4.705127399914374e-10
b,fp,727,4.5775894196783395e-10
b,fp,728,4.453340475155848e-10
b,fp,729,4.3325432140199544e-10
b,fp,730,4.215141570007767e-10
b,fp,731,4.1007952597619787e-10
b,fp,732,3.989539810419287e-10
b,fp,733,3.8816588839624905e-10
b,fp,734,3.7762248890540556e-10
b,fp,735,3.6738401216849854e-10
b,fp,736,3.574148200264153e-10
b,fp,737,3.4774633179075576e-10
b,fp,738,3.3830638296488606e-10
b,fp,739,3.2914942998817555e-10
b,fp,740,3.201934828902216e-10
b,fp,741,3.1153313267274634e-10
b,fp,742,3.03128078239936e-10
b,fp,743,2.9485924817235795e-10
b,fp,744,2.8689173263381796e-10
b,fp,745,2.7910529447070833e-10
b,fp,746,2.715730973803675e-10
b,fp,747,2.64165411802328e-10
b,fp,748,2.570461066550639e-10
b,fp,749,2.500806229079507e-10
b,fp,750,2.43276843144462e-10
b,fp,751,2.3669838314392056e-10
b,fp,752,2.3027513232230075e-10
b,fp,753,2.2404889057648606e-10
b,fp,754,2.179568192832653e-10
b,fp,755,2.1205565083920642e-10
b,fp,756,2.0632601185252233e-10
b,fp,757,2.0071927455472173e-10
b,fp,758,1.9528412222544186e-10
b,fp,759,1.899820856368694e-10
b,fp,760,1.848717845647132e-10
b,fp,761,1.7983620150215387e-10
b,fp,762,1.7495971339907648e-10
b,fp,763,1.7019663457800763e-10
b,fp,764,1.6561652051144999e-10
b,fp,765,1.6113266278116382e-10
b,fp,766,1.5676243637748593e-10
b,fp,767,1.5252032971088844e-10
b,fp,768,1.483613787488657e-10
b,fp,769,1.4437079310856895e-10
b,fp,770,1.4044376773645683e-10
b,fp,771,1.36626876488418e-10
b,fp,772,1.3292511536806268e-10
b,fp,773,1.293545826092487e-10
b,fp,774,1.258655402204652e-10
b,fp,775,1.2243012160378986e-10
b,fp,776,1.191207688115875e-10
b,fp,777,1.1588602300665955e-10
b,fp,778,1.127605231473775e-10
b,fp,779,1.0966677566661297e-10
b,fp,780,1.0672640549672634e-10
b,fp,781,1.0384226812305144e-10
b,fp,782,1.0103401449312568e-10
b,fp,783,9.825823488668126e-11
b,fp,784,9.562961534217268e-11
b,fp,785,9.30331367542369e-11
b,fp,786,9.053574557126462e-11
b,fp,787,8.806294582829619e-11
b,fp,788,8.567796472658924e-11
b,fp,789,8.33701996362571e-11
b,fp,790,8.109757310466251e-11
b,fp,791,7.888978359771633e-11
b,fp,792,7.676553837338445e-11
b,fp,793,7.47030770603821e-11
b,fp,794,7.267675350683818e-11
b,fp,795,7.069411722932045e-11
b,fp,796,6.878486669373942e-11
b,fp,797,6.694067522740941e-11
b,fp,798,6.508743544343154e-11
b,fp,799,6.33761376731644e-11
b,fp,800,6.161288146534453e-11
b,fp,801,5.995987040387965e-11
b,fp,802,5.833150629356562e-11
b,fp,803,5.675115932907201e-11
b,fp,804,5.5243254416941686e-11
b,fp,805,5.371719735836004e-11
b,fp,806,5.225869737083269e-11
b,fp,807,5.087053001192104e-11
b,fp,808,4.949746168614697e-11
b,fp,809,4.813810461472957e-11
b,fp,810,4.6844084168316264e-11
b,fp,811,4.555766874962366e-11
b,fp,812,4.4336700978237267e-11
b,fp,813,4.313788215619459e-11
b,fp,814,4.196976100078552e-11
b,fp,815,4.084615978866711e-11
b,fp,816,3.9696745891226394e-11
b,fp,817,3.869604636794128e-11
b,fp,818,3.760253219979502e-11
b,fp,819,3.6577962881481696e-11
b,fp,820,3.562666828279728e-11
b,fp,821,3.463385134299136e-11
b,fp,822,3.37003203127034e-11
b,fp,823,3.2783054049727605e-11
b,fp,824,3.1893432340066696e-11
b,fp,825,3.1044666837714055e-11
b,fp,826,3.019767769220159e-11
b,fp,827,2.937633469855943e-11
b,fp,828,2.858424608161766e-11
b,fp,829,2.7781277279034885e-11
b,fp,830,2.7077173836798298e-11
b,fp,831,2.6308066836468693e-11
b,fp,832,2.564576329111135e-11
b,fp,833,2.490113670847644e-11
b,fp,834,2.4273028032279312e-11
b,fp,835,2.358352402281936e-11
b,fp,836,2.2959689705267967e-11
b,fp,837,2.2328139337695645e-11
b,fp,838,2.1715962361903854e-11
b,fp,839,2.113381691892918e-11
b,fp,840,2.0580703808049392e-11
b,fp,841,2.0014823132386463e-11
b,fp,842,1.9460100198121553e-11
b,fp,843,1.895433809924385e-11
b,fp,844,1.8409662683352573e-11
b,fp,845,1.7973511568120645e-11
b,fp,846,1.7446433187170517e-11
b,fp,847,1.697947338300514e-11
b,fp,848,1.650851677595126e-11
b,fp,849,1.605832133945843e-11
b,fp,850,1.5620782445446727e-11
b,fp,851,1.5204226766600948e-11
b,fp,852,1.4804768522334823e-11
b,fp,853,1.4411583038158079e-11
b,fp,854,1.3987699887350176e-11
b,fp,855,1.3643086660501766e-11
b,fp,856,1.3248402375242216e-11
b,fp,857,1.2887746425688021e-11
b,fp,858,1.2572054508631838e-11
b,fp,859,1.2215894962327674e-11
b,fp,860,1.1871004179723716e-11
b,fp,861,1.1558753954044233e-11
b,fp,862,1.125366466687376e-11
b,fp,863,1.095423751712903e-11
b,fp,864,1.0675071937584015e-11
b,fp,865,1.0360878821611792e-11
b,fp,866,1.0069667322249637e-11
b,fp,867,9.810263712543391e-12
b,fp,868,9.548195567578086e-12
b,fp,869,9.267919765008829e-12
b,fp,870,9.044376358998507e-12
b,fp,871,8.80190365041821e-12
b,fp,872,8.558098674208408e-12
b,fp,873,8.33372260092977e-12
b,fp,874,8.086142866436327e-12
b,fp,875,7.874978447150937e-12
b,fp,876,7.681189018201109e-12
b,fp,877,7.454536987722167e-12
b,fp,878,7.2522543526339765e-12
b,fp,879,7.050526829058143e-12
b,fp,880,6.888267734008045e-12
b,fp,881,6.66350308267116e-12
b,fp,882,6.505573857417191e-12
b,fp,883,6.324440970948435e-12
b,fp,884,6.132760965745708e-12
b,fp,885,6.006251052088903e-12
b,fp,886,5.83644244047148e-12
b,fp,887,5.684008819189568e-12
b,fp,888,5.496325616875636e-12
b,fp,889,5.334677144489338e-12
b,fp,890,5.2277626672173705e-12
b,fp,891,5.093592214690728e-12
b,fp,892,4.9455994855074515e-12
b,fp,893,4.791056440478878e-12
b,fp,894,4.6818104948552445e-12
b,fp,895,4.57756055284246e-12
b,fp,896,4.446221169028711e-12
b,fp,897,4.307498802101191e-12
b,fp,898,4.1914249848761374e-12
b,fp,899,4.067302050722533e-12
b,fp,900,3.957223437830507e-12
b,fp,901,3.854250252296121e-12
b,fp,902,3.781364110729201e-12
b,fp,903,3.650579838427872e-12
b,fp,904,3.5643710205654176e-12
b,fp,905,3.4569569429325564e-12
b,fp,906,3.3907876506646705e-12
b,fp,907,3.2711611197609117e-12
b,fp,908,3.190336883567939e-12
b,fp,909,3.107181179023253e-12
b,fp,910,2.998212789155961e-12
b,fp,911,2.945255150881184e-12
b,fp,912,2.86570767116656e-12
b,fp,913,2.7699509352923705e-12
b,fp,914,2.704836354897927e-12
b,fp,915,2.624955808275934e-12
b,fp,916,2.5490165533913767e-12
b,fp,917,2.5076607457239854e-12
b,fp,918,2.4193425041148365e-12
b,fp,919,2.3785418079597643e-12
b,fp,920,2.2662982601699e-12
b,fp,921,2.2531976284792937e-12
b,fp,922,2.154887379648519e-12
b,fp,923,2.124023179563874e-12
b,fp,924,2.062183757092123e-12
b,fp,925,2.0068391393144468e-12
b,fp,926,1.9481083413116597e-12
b,fp,927,1.9064194667369047e-12
b,fp,928,1.8289814107691554e-12
b,fp,929,1.786570891228398e-12
b,fp,930,1.751654377103875e-12
b,fp,931,1.7056356327330826e-12
b,fp,932,1.6615042675041583e-12
b,fp,933,1.5974443989831824e-12
b,fp,934,1.5473178294212778e-12
b,fp,935,1.5125123375992258e-12
b,fp,936,1.4813705817584436e-12
b,fp,937,1.4328538355822535e-12
b,fp,938,1.399769189448377e-12
b,fp,939,1.3923862063346094e-12
b,fp,940,1.3316570068875308e-12
b,fp,941,1.2924661341182112e-12
b,fp,942,1.2350676037450182e-12
b,fp,943,1.2270184868164759e-12
b,fp,944,1.1746714712053367e-12
b,fp,945,1.1757816942299633e-12
b,fp,946,1.117717030042001e-12
b,fp,947,1.0998979504967474e-12
b,fp,948,1.069089261563366e-12
b,fp,949,1.0397238625619995e-12
b,fp,950,1.0011436124562361e-12
b,fp,951,9.977019210798947e-13
b,fp,952,9.667266986928224e-13
b,fp,953,9.240386233959447e-13
b,fp,954,9.122702593349073e-13
b,fp,955,8.958389585704401e-13
b,fp,956,8.416600749686854e-13
b,fp,957,8.41049452305141e-13
b,fp,958,8.071876500540458e-13
b,fp,959,7.87370169064471e-13
b,fp,960,7.666089985039644e-13
b,fp,961,7.696066006704547e-13
b,fp,962,7.276956814908236e-13
b,fp,963,7.107092692140465e-13
b,fp,964,6.807332475491465e-13
b,fp,965,6.843414723791807e-13
b,fp,966,6.369904603788864e-13
b,fp,967,6.413758413261586e-13
b,fp,968,6.100120408804784e-13
b,fp,969,5.907496714032203e-13
b,fp,970,5.722089468919694e-13
b,fp,971,5.553335569176575e-13
b,fp,972,5.527800439610182e-13
b,fp,973,5.343503417522306e-13
b,fp,974,5.25135490647837e-13
b,fp,975,5.244693568330615e-13
b,fp,976,4.897193761622765e-13
b,fp,977,4.642397577471169e-13
b,fp,978,4.605760217658522e-13
b,fp,979,4.836686606780664e-13
b,fp,980,4.3953729544919606e-13
b,fp,981,4.215516824502608e-13
b,fp,982,4.466982339580315e-13
b,fp,983,3.982925100843542e-13
b,fp,984,4.0351055830009453e-13
b,fp,985,3.864131237208604e-13
b,fp,986,3.758660049869174e-13
b,fp,987,3.734235143327411e-13
b,fp,988,3.5937919307122775e-13
b,fp,989,3.4250380309691946e-13
b,fp,990,3.4683367289295903e-13
b,fp,991,3.246292124004485e-13
b,fp,992,3.0009328355622485e-13
b,fp,993,3.2540636851768634e-13
b,fp,994,2.943201238281723e-13
b,fp,995,3.113620472561736e-13
b,fp,996,2.765565554341647e-13
b,fp,997,2.7144952952088763e-13
b,fp,998,2.742250870824513e-13
b,fp,999,2.862154957484063e-13
b,fp,1000,2.5407453918549934e-13
b,fp,1001,2.530198273121052e-13
b,fp,1002,2.3869795029443713e-13
b,fp,1003,2.4580337765203985e-13
b,fp,1004,2.096656182004828e-13
b,fp,1005,2.260969189649387e-13
b,fp,1006,2.5129898162393574e-13
b,fp,1007,2.0433654768228094e-13
b,fp,1008,2.1432855490390944e-13
b,fp,1009,2.0256019084288033e-13
b,fp,1010,1.879052469178254e-13
b,fp,1011,1.837419105754803e-13
b,fp,1012,1.8907098109368203e-13
b,fp,1013,1.8535173396118705e-13
b,fp,1014,1.5731860258939705e-13
b,fp,1015,1.8207657603854226e-13
b,fp,1016,1.6886492204550057e-13
b,fp,1017,1.5143442055888281e-13
b,fp,1018,1.7763568394004082e-13
b,fp,1019,1.5315526624705208e-13
b,fp,1020,1.6742163211348762e-13
b,fp,1021,1.2451151221171906e-13
b,fp,1022,1.3433698597965295e-13
b,fp,1023,1.4338530363034924e-13
b,fp,1024,1.2884138200775772e-13
b,fp,1025,1.199040866595241e-13
b,fp,1026,1.3833378886830407e-13
b,fp,1027,1.1518563880486663e-13
b,fp,1028,1.0025313912365666e-13
b,fp,1029,1.330047183501026e-13
b,fp,1030,1.0513812043200785e-13
b,fp,1031,1.2045919817183673e-13
b,fp,1032,1.2628786905111953e-13
b,fp,1033,1.0952350137927769e-13
b,fp,1034,9.214851104389223e-14
b,fp_converged,0,1
b,broyden,1,0.9963024787319467
b,broyden,2,1.0e6
b,broyden,3,717320.94297565
b,broyden,4,1.0e6
b,broyden,5,1.0e6
b,broyden,6,1.0e6
b,broyden,7,1.0e6
b,broyden,8,1.0e6
b,broyden,9,1.0e6
b,broyden,10,1.0e6
b,broyden,11,1.0e6
b,broyden,12,1.0e6
b,broyden,13,1.0e6
b,broyden,14,1.0e6
b,broyden,15,1.0e6
b,broyden,16,1.0e6
b,broyden,17,1.0e6
b,broyden,18,1.0e6
b,broyden,19,1.0e6
b,broyden,20,1.0e6
b,broyden,21,1.0e6
b,broyden,22,1.0e6
b,broyden,23,1.0e6
b,broyden,24,1.0e6
b,broyden,25,1.0e6
b,broyden,26,1.0e6
b,broyden,27,1.0e6
b,broyden,28,0.9999999999953844
b,broyden,29,1.0
b,broyden,30,1.0e6
b,broyden,31,1.0e6
b,broyden,32,1.0e6
b,broyden,33,1.0e6
b,broyden,34,1.0
b,broyden,35,197295.02978537013
b,broyden,36,1.0
b,broyden,37,1.0
b,broyden,38,1.0
b,broyden,39,1.0
b,broyden,40,1.0e6
b,broyden,41,1.0
b,broyden,42,1.0
b,broyden,43,1.0e6
b,broyden,44,1.0e6
b,broyden,45,0.9999999999969487
b,broyden,46,1.0
b,broyden,47,1.0
b,broyden,48,1.0e6
b,broyden,49,1.0
b,broyden,50,1.0
b,broyden,51,1.0
b,broyden,52,1.0e6
b,broyden,53,1.0e6
b,broyden,54,1.0e6
b,broyden,55,1.0e6
b,broyden,56,1.0e6
b,broyden,57,43.05505487213092
b,broyden,58,1.0e6
b,broyden,59,1.0e6
b,broyden,60,1.0
b,broyden,61,1.0e6
b,broyden,62,1.0
b,broyden,63,1.0e6
b,broyden,64,0.9999999999999996
b,broyden,65,1.0e6
b,broyden,66,1.0
b,broyden,67,1.0e6
b,broyden,68,1.0e6
b,broyden,69,1.0e6
b,broyden,70,1.0e6
b,broyden,71,42.41987632006827
b,broyden,72,1.0e6
b,broyden,73,0.9999999999999685
b,broyden,74,1.0e6
b,broyden,75,4307.514349877627
b,broyden,76,1.0e6
b,broyden,77,1.0e6
b,broyden,78,0.9999999962853461
b,broyden,79,90.00436713641281
b,broyden,80,1.0e6
b,broyden,81,0.9999999999999548
b,broyden,82,1.0e6
b,broyden,83,1.0e6
b,broyden,84,1.0e6
b,broyden,85,1.0e6
b,broyden,86,1.0e6
b,broyden,87,1.0e6
b,broyden,88,1.0e6
b,broyden,89,1.0e6
b,broyden,90,1.0e6
b,broyden,91,1.0e6
b,broyden,92,1.0e6
b,broyden,93,1.0e6
b,broyden,94,1.0e6
b,broyden,95,1.0e6
b,broyden,96,1.0e6
b,broyden,97,1.0e6
b,broyden,98,1.0e6
b,broyden,99,1.0e6
b,broyden,100,1.0e6
b,broyden,101,1.0e6
b,broyden,102,1.0e6
b,broyden,103,1.0e6
b,broyden,104,1.0e6
b,broyden,105,1.0e6
b,broyden,106,1.0e6
b,broyden,107,1.0e6
b,broyden,108,1.0e6
b,broyden,109,1.0e6
b,broyden,110,1.0e6
b,broyden,111,1.0e6
b,broyden,112,1.0e6
b,broyden,113,1.0e6
b,broyden,114,1.0e6
b,broyden,115,1.0e6
b,broyden,116,1.0e6
b,broyden,117,1.0e6
b,broyden,118,1.0e6
b,broyden,119,1.0e6
b,broyden,120,1.0e6
b,broyden,121,1.0e6
b,broyden,122,1.0e6
b,broyden,123,1.0e6
b,broyden,124,1.0e6
b,broyden,125,1.0e6
b,broyden,126,1.0e6
b,broyden,127,1.0e6
b,broyden,128,1.0e6
b,broyden,129,1.0e6
b,broyden,130,1.0e6
b,broyden,131,1.0e6
b,broyden,132,1.0e6
b,broyden,133,1.0e6
b,broyden,134,1.0e6
b,broyden,135,1.0e6
b,broyden,136,1.0e6
b,broyden,137,1.0e6
b,broyden,138,1.0e6
b,broyden,139,1.0e6
b,broyden,140,1.0e6
b,broyden,141,1.0e6
b,broyden,142,1.0e6
b,broyden,143,1.0e6
b,broyden,144,1.0e6
b,broyden,145,1.0e6
b,broyden,146,1.0e6
b,broyden,147,1.0e6
b,broyden,148,1.0e6
b,broyden,149,1.0e6
b,broyden,150,1.0e6
b,broyden,151,1.0e6
b,broyden,152,1.0e6
b,broyden,153,1.0e6
b,broyden,154,1.0e6
b,broyden,155,1.0e6
b,broyden,156,1.0e6
b,broyden,157,1.0e6
b,broyden,158,1.0e6
b,broyden,159,1.0e6
b,broyden,160,1.0e6
b,broyden,161,1.0e6
b,broyden,162,1.0e6
b,broyden,163,1.0e6
b,broyden,164,1.0e6
b,broyden,165,1.0e6
b,broyden,166,1.0e6
b,broyden,167,1.0e6
b,broyden,168,1.0e6
b,broyden,169,1.0e6
b,broyden,170,1.0e6
b,broyden,171,1.0e6
b,broyden,172,1.0e6
b,broyden,173,1.0e6
b,broyden,174,1.0e6
b,broyden,175,1.0e6
b,broyden,176,1.0e6
b,broyden,177,1.0e6
b,broyden,178,1.0e6
b,broyden,179,1.0e6
b,broyden,180,1.0e6
b,broyden,181,1.0e6
b,broyden,182,1.0e6
b,broyden,183,1.0e6
b,broyden,184,1.0e6
b,broyden,185,1.0e6
b,broyden,186,1.0e6
b,broyden,187,1.0e6
b,broyden,188,1.0e6
b,broyden,189,1.0e6
b,broyden,190,1.0e6
b,broyden,191,1.0e6
b,broyden,192,1.0e6
b,broyden,193,1.0e6
b,broyden,194,1.0e6
b,broyden,195,1.0e6
b,broyden,196,1.0e6
b,broyden,197,1.0e6
b,broyden,198,1.0e6
b,broyden,199,1.0e6
b,broyden,200,1.0e6
b,broyden,201,1.0e6
b,broyden,202,1.0e6
b,broyden,203,1.0e6
b,broyden,204,1.0e6
b,broyden,205,1.0e6
b,broyden,206,1.0e6
b,broyden,207,1.0e6
b,broyden,208,1.0e6
b,broyden,209,1.0e6
b,broyden,210,1.0e6
b,broyden,211,1.0e6
b,broyden,212,1.0e6
b,broyden,213,1.0e6
b,broyden,214,1.0e6
b,broyden,215,1.0e6
b,broyden,216,1.0e6
b,broyden,217,1.0e6
b,broyden,218,1.0e6
b,broyden,219,1.0e6
b,broyden,220,1.0e6
b,broyden,221,1.0e6
b,broyden,222,1.0e6
b,broyden,223,1.0e6
b,broyden,224,1.0e6
b,broyden,225,1.0e6
b,broyden,226,1.0e6
b,broyden,227,1.0e6
b,broyden,228,1.0e6
b,broyden,229,1.0e6
b,broyden,230,1.0e6
b,broyden,231,1.0e6
b,broyden,232,1.0e6
b,broyden,233,1.0e6
b,broyden,234,1.0e6
b,broyden,235,1.0e6
b,broyden,236,1.0e6
b,broyden,237,1.0e6
b,broyden,238,1.0e6
b,broyden,239,1.0e6
b,broyden,240,1.0e6
b,broyden,241,1.0e6
b,broyden,242,1.0e6
b,broyden,243,1.0e6
b,broyden,244,1.0e6
b,broyden,245,1.0e6
b,broyden,246,1.0e6
b,broyden,247,1.0e6
b,broyden,248,1.0e6
b,broyden,249,1.0e6
b,broyden,250,1.0e6
b,broyden,251,1.0e6
b,broyden,252,1.0e6
b,broyden,253,1.0e6
b,broyden,254,1.0e6
b,broyden,255,1.0e6
b,broyden,256,1.0e6
b,broyden,257,1.0e6
b,broyden,258,1.0e6
b,broyden,259,1.0e6
b,broyden,260,1.0e6
b,broyden,261,1.0e6
b,broyden,262,1.0e6
b,broyden,263,1.0e6
b,broyden,264,1.0e6
b,broyden,265,1.0e6
b,broyden,266,1.0e6
b,broyden,267,1.0e6
b,broyden,268,1.0e6
b,broyden,269,1.0e6
b,broyden,270,1.0e6
b,broyden,271,1.0e6
b,broyden,272,1.0e6
b,broyden,273,1.0e6
b,broyden,274,1.0e6
b,broyden,275,1.0e6
b,broyden,276,1.0e6
b,broyden,277,1.0e6
b,broyden,278,1.0e6
b,broyden,279,1.0e6
b,broyden,280,1.0e6
b,broyden,281,1.0e6
b,broyden,282,1.0e6
b,broyden,283,1.0e6
b,broyden,284,1.0e6
b,broyden,285,1.0e6
b,broyden,286,1.0e6
b,broyden,287,1.0e6
b,broyden,288,1.0e6
b,broyden,289,1.0e6
b,broyden,290,1.0e6
b,broyden,291,1.0e6
b,broyden,292,1.0e6
b,broyden,293,1.0e6
b,broyden,294,1.0e6
b,broyden,295,1.0e6
b,broyden,296,1.0e6
b,broyden,297,1.0e6
b,broyden,298,1.0e6
b,broyden,299,1.0e6
b,broyden,300,1.0e6
b,broyden,301,1.0e6
b,broyden,302,1.0e6
b,broyden,303,1.0e6
b,broyden,304,1.0e6
b,broyden,305,1.0e6
b,broyden,306,1.0e6
b,broyden,307,1.0e6
b,broyden,308,1.0e6
b,broyden,309,1.0e6
b,broyden,310,1.0e6
b,broyden,311,1.0e6
b,broyden,312,1.0e6
b,broyden,313,1.0e6
b,broyden,314,1.0e6
b,broyden,315,1.0e6
b,broyden,316,1.0e6
b,broyden,317,1.0e6
b,broyden,318,1.0e6
b,broyden,319,1.0e6
b,broyden,320,1.0e6
b,broyden,321,1.0e6
b,broyden,322,1.0e6
b,broyden,323,1.0e6
b,broyden,324,1.0e6
b,broyden,325,1.0e6
b,broyden,326,1.0e6
b,broyden,327,1.0e6
b,broyden,328,1.0e6
b,broyden,329,1.0e6
b,broyden,330,1.0e6
b,broyden,331,1.0e6
b,broyden,332,1.0e6
b,broyden,333,1.0e6
b,broyden,334,1.0e6
b,broyden,335,1.0e6
b,broyden,336,1.0e6
b,broyden,337,1.0e6
b,broyden,338,1.0e6
b,broyden,339,1.0e6
b,broyden,340,1.0e6
b,broyden,341,1.0e6
b,broyden,342,1.0e6
b,broyden,343,1.0e6
b,broyden,344,1.0e6
b,broyden,345,1.0e6
b,broyden,346,1.0e6
b,broyden,347,1.0e6
b,broyden,348,1.0e6
b,broyden,349,1.0e6
b,broyden,350,1.0e6
b,broyden,351,1.0e6
b,broyden,352,1.0e6
b,broyden,353,1.0e6
b,broyden,354,1.0e6
b,broyden,355,1.0e6
b,broyden,356,1.0e6
b,broyden,357,1.0e6
b,broyden,358,1.0e6
b,broyden,359,1.0e6
b,broyden,360,1.0e6
b,broyden,361,1.0e6
b,broyden,362,1.0e6
b,broyden,363,1.0e6
b,broyden,364,1.0e6
b,broyden,365,1.0e6
b,broyden,366,1.0e6
b,broyden,367,1.0e6
b,broyden,368,1.0e6
b,broyden,369,1.0e6
b,broyden,370,1.0e6
b,broyden,371,1.0e6
b,broyden,372,1.0e6
b,broyden,373,1.0e6
b,broyden,374,1.0e6
b,broyden,375,1.0e6
b,broyden,376,1.0e6
b,broyden,377,1.0e6
b,broyden,378,1.0e6
b,broyden,379,1.0e6
b,broyden,380,1.0e6
b,broyden,381,1.0e6
b,broyden,382,1.0e6
b,broyden,383,1.0e6
b,broyden,384,1.0e6
b,broyden,385,1.0e6
b,broyden,386,1.0e6
b,broyden,387,1.0e6
b,broyden,388,1.0e6
b,broyden,389,1.0e6
b,broyden,390,1.0e6
b,broyden,391,1.0e6
b,broyden,392,1.0e6
b,broyden,393,1.0e6
b,broyden,394,1.0e6
b,broyden,395,1.0e6
b,broyden,396,1.0e6
b,broyden,397,1.0e6
b,broyden,398,1.0e6
b,broyden,399,1.0e6
b,broyden,400,1.0e6
b,broyden,401,1.0e6
b,broyden,402,1.0e6
b,broyden,403,1.0e6
b,broyden,404,1.0e6
b,broyden,405,1.0e6
b,broyden,406,1.0e6
b,broyden,407,1.0e6
b,broyden,408,1.0e6
b,broyden,409,1.0e6
b,broyden,410,1.0e6
b,broyden,411,1.0e6
b,broyden,412,1.0e6
b,broyden,413,1.0e6
b,broyden,414,1.0e6
b,broyden,415,1.0e6
b,broyden,416,1.0e6
b,broyden,417,1.0e6
b,broyden,418,1.0e6
b,broyden,419,1.0e6
b,broyden,420,1.0e6
b,broyden,421,1.0e6
b,broyden,422,1.0e6
b,broyden,423,1.0e6
b,broyden,424,1.0e6
b,broyden,425,1.0e6
b,broyden,426,1.0e6
b,broyden,427,1.0e6
b,broyden,428,1.0e6
b,broyden,429,1.0e6
b,broyden,430,1.0e6
b,broyden,431,1.0e6
b,broyden,432,1.0e6
b,broyden,433,1.0e6
b,broyden,434,1.0e6
b,broyden,435,1.0e6
b,broyden,436,1.0e6
b,broyden,437,1.0e6
b,broyden,438,1.0e6
b,broyden,439,1.0e6
b,broyden,440,1.0e6
b,broyden,441,1.0e6
b,broyden,442,1.0e6
b,broyden,443,1.0e6
b,broyden,444,1.0e6
b,broyden,445,1.0e6
b,broyden,446,1.0e6
b,broyden,447,1.0e6
b,broyden,448,1.0e6
b,broyden,449,1.0e6
b,broyden,450,1.0e6
b,broyden,451,1.0e6
b,broyden,452,1.0e6
b,broyden,453,1.0e6
b,broyden,454,1.0e6
b,broyden,455,1.0e6
b,broyden,456,1.0e6
b,broyden,457,1.0e6
b,broyden,458,1.0e6
b,broyden,459,1.0e6
b,broyden,460,1.0e6
b,broyden,461,1.0e6
b,broyden,462,1.0e6
b,broyden,463,1.0e6
b,broyden,464,1.0e6
b,broyden,465,1.0e6
b,broyden,466,1.0e6
b,broyden,467,1.0e6
b,broyden,468,1.0e6
b,broyden,469,1.0e6
b,broyden,470,1.0e6
b,broyden,471,1.0e6
b,broyden,472,1.0e6
b,broyden,473,1.0e6
b,broyden,474,1.0e6
b,broyden,475,1.0e6
b,broyden,476,1.0e6
b,broyden,477,1.0e6
b,broyden,478,1.0e6
b,broyden,479,1.0e6
b,broyden,480,1.0e6
b,broyden,481,1.0e6
b,broyden,482,1.0e6
b,broyden,483,1.0e6
b,broyden,484,1.0e6
b,broyden,485,1.0e6
b,broyden,486,1.0e6
b,broyden,487,1.0e6
b,broyden,488,1.0e6
b,broyden,489,1.0e6
b,broyden,490,1.0e6
b,broyden,491,1.0e6
b,broyden,492,1.0e6
b,broyden,493,1.0e6
b,broyden,494,1.0e6
b,broyden,495,1.0e6
b,broyden,496,1.0e6
b,broyden,497,1.0e6
b,broyden,498,1.0e6
b,broyden,499,1.0e6
b,broyden,500,1.0e6
b,broyden_converged,0,0
b,fpn,1,1.0e6
b,fpn,2,0.9963024787319467
b,fpn,3,4.601373631933596
b,fpn,4,1.6916995865246642
b,fpn,5,1.1369020273838901
b,fpn,6,1.0226634004603374
b,fpn,7,0.9798225850037277
b,fpn,8,0.9557208266318341
b,fpn,9,1.0973916802881738
b,fpn,10,0.22436711866779308
b,fpn,11,0.2499118748614631
b,fpn,12,0.09021184391937115
b,fpn,13,0.041098511368853494
b,fpn,14,0.008650108501790453
b,fpn,15,0.0010844456392354305
b,fpn,16,8.057484606740871e-5
b,fpn,17,1.2587373468637719e-6
b,fpn,18,1.1282091920991684e-9
b,fpn,19,8.371081605674031e-14
b,fpn_converged,0,1
